streaming_log,mos,individual_scores,abr,content,encoding_profile,device,trace
0001.csv,67,[95 83 87 93 73 81 62 100 67 83 84 81 72 70 90 59 98 80 76 80 64 85 100 97 90 86 81 94 95 82 53 89],RateBased,document,H264,hdtv,1
0002.csv,67,[80 100 79 74 90 83 66 24 67 84 70 62 60 90 75 96 95 85 92 90 40 85 95 79 90 24 94 84 98 79 62 50],RateBased,document,H264,hdtv,2
0003.csv,44,[90 100 81 69 95 58 50 1 44 62 90 68 75 75 50 89 96 70 92 89 70 75 69 74 85 32 84 34 95 71 65 86],RateBased,document,H264,hdtv,3
0004.csv,47,[95 87 84 88 92 85 62 53 47 75 66 76 65 70 65 75 96 80 88 100 68 60 99 78 92 72 79 68 99 71 75 92],RateBased,document,H264,hdtv,4
0005.csv,100,[94 100 79 79 99 88 74 32 100 73 75 92 69 90 100 88 91 90 90 76 82 75 71 56 95 90 92 82 100 87 44 93],RateBased,document,H264,hdtv,5
0006.csv,84,[95 88 75 92 85 80 77 35 84 82 87 70 65 75 100 90 96 95 80 91 92 85 90 80 90 47 81 86 92 75 67 97],RateBased,document,H264,hdtv,6
0007.csv,27,[40 35 21 85 27 22 50 1 27 31 20 3 41 65 35 17 50 45 14 73 38 25 50 36 31 40 39 42 57 27 32 57],RateBased,document,H264,hdtv,7
0008.csv,50,[30 40 50 50 26 58 50 1 50 62 45 40 77 60 60 31 50 70 48 45 62 30 61 74 55 45 50 64 77 63 63 60],RateBased,document,H264,hdtv,8
0009.csv,64,[85 61 87 78 87 62 50 40 64 72 61 36 60 50 45 50 79 50 60 41 65 70 93 43 68 11 80 41 85 43 66 66],RateBased,document,H264,hdtv,9
0028.csv,100,[90 91 80 47 50 87 84 100 100 97 69 60 70 70 82 58 67 50 84 87 70 50 92 81 90 45 82 60 92 71 60 98],RateBased,game,H264,hdtv,1
0029.csv,36,[80 80 78 60 78 89 57 1 36 32 47 87 61 50 60 61 88 70 81 89 60 30 71 50 87 67 90 55 95 30 56 89],RateBased,game,H264,hdtv,2
0030.csv,35,[75 29 50 23 66 62 50 1 35 4 20 40 45 70 35 62 63 30 83 41 29 30 80 26 68 4 84 35 92 66 50 86],RateBased,game,H264,hdtv,3
0031.csv,39,[90 71 89 87 66 59 67 21 39 59 9 50 50 70 60 71 86 60 81 64 58 65 80 69 87 21 85 68 96 65 46 92],RateBased,game,H264,hdtv,4
0032.csv,50,[90 68 76 70 50 85 60 41 50 60 70 83 85 75 100 60 96 70 94 63 77 65 90 86 95 27 84 72 92 65 63 100],RateBased,game,H264,hdtv,5
0033.csv,100,[100 66 77 92 73 94 92 100 100 90 89 59 64 60 62 65 95 100 99 90 71 55 87 72 100 71 85 60 100 72 58 90],RateBased,game,H264,hdtv,6
0034.csv,78,[75 33 6 80 12 9 50 8 78 41 38 50 45 70 55 15 3 50 65 41 91 40 6 33 35 28 36 70 68 65 32 72],RateBased,game,H264,hdtv,7
0035.csv,92,[85 55 31 50 50 52 50 35 92 69 61 29 80 50 75 22 73 40 73 55 69 60 50 50 64 72 28 67 83 67 50 66],RateBased,game,H264,hdtv,8
0036.csv,50,[80 45 76 50 74 64 58 1 50 38 36 78 43 50 36 48 84 70 92 55 62 40 81 71 63 20 65 29 80 39 72 75],RateBased,game,H264,hdtv,9
0055.csv,99,[100 69 81 81 55 82 60 39 99 64 91 71 100 75 70 55 90 50 50 100 64 85 85 65 100 93 85 88 92 86 70 86],RateBased,movie,H264,hdtv,1
0056.csv,65,[90 72 76 50 85 85 63 30 65 50 71 78 85 70 80 77 83 60 72 89 57 60 81 65 90 12 85 56 94 58 46 93],RateBased,movie,H264,hdtv,2
0057.csv,50,[75 83 85 49 66 66 59 17 50 39 72 64 50 80 60 68 92 55 85 58 41 35 76 39 84 1 85 54 94 67 76 99],RateBased,movie,H264,hdtv,3
0058.csv,77,[90 64 87 74 68 78 58 30 77 68 65 86 45 70 40 65 94 80 72 75 58 75 79 83 87 34 87 77 85 67 70 85],RateBased,movie,H264,hdtv,4
0059.csv,87,[90 80 99 62 73 93 95 13 87 90 67 100 100 90 75 88 66 100 92 94 56 70 90 69 95 89 84 87 98 33 78 100],RateBased,movie,H264,hdtv,5
0060.csv,81,[100 88 82 81 96 84 91 50 81 94 69 74 71 50 68 59 100 90 67 88 69 85 99 86 100 85 100 86 96 62 94 72],RateBased,movie,H264,hdtv,6
0061.csv,58,[70 75 60 58 50 81 50 89 58 39 33 70 40 50 65 32 38 20 68 56 41 55 33 50 65 78 60 32 83 67 45 50],RateBased,movie,H264,hdtv,7
0062.csv,60,[60 33 68 73 50 74 66 100 60 74 56 83 65 65 70 50 76 70 81 84 95 65 70 82 70 16 70 34 87 76 67 65],RateBased,movie,H264,hdtv,8
0063.csv,78,[95 75 91 78 78 82 75 100 78 81 76 73 100 100 85 67 95 65 92 87 81 65 78 80 95 100 82 66 92 80 68 86],RateBased,movie,H264,hdtv,9
0082.csv,100,[100 94 100 79 50 96 89 100 100 78 81 78 66 65 85 78 100 70 67 62 98 85 100 89 100 81 86 83 100 69 75 97],RateBased,nature,H264,hdtv,1
0083.csv,62,[94 74 87 62 95 86 63 43 62 40 90 88 50 75 57 69 90 90 92 82 64 75 86 61 94 14 87 69 95 73 62 89],RateBased,nature,H264,hdtv,2
0084.csv,41,[90 93 81 63 87 77 61 50 41 40 48 50 45 85 40 60 89 60 80 93 56 55 70 80 88 58 85 39 96 77 83 89],RateBased,nature,H264,hdtv,3
0085.csv,61,[85 86 80 50 96 66 63 11 61 41 88 83 80 79 40 100 91 95 86 73 28 60 75 85 90 16 84 75 92 60 62 95],RateBased,nature,H264,hdtv,4
0086.csv,100,[100 73 73 66 97 96 91 70 100 72 98 91 100 100 100 89 100 100 77 100 76 80 100 71 100 97 94 92 100 73 59 86],RateBased,nature,H264,hdtv,5
0087.csv,100,[100 67 84 91 100 76 82 100 100 81 100 69 91 100 100 84 94 100 98 81 80 90 100 78 100 24 95 95 100 37 84 73],RateBased,nature,H264,hdtv,6
0088.csv,63,[69 76 50 80 50 92 59 55 63 40 78 65 60 70 70 36 70 50 42 30 77 50 61 58 60 18 50 24 85 64 42 50],RateBased,nature,H264,hdtv,7
0089.csv,91,[80 87 67 63 73 85 50 100 91 85 54 66 100 60 82 41 72 50 50 90 65 50 72 67 65 98 75 75 89 69 61 67],RateBased,nature,H264,hdtv,8
0090.csv,59,[95 69 50 71 83 84 77 45 59 85 83 76 89 65 60 78 86 70 62 88 39 75 89 64 95 89 83 41 91 65 87 88],RateBased,nature,H264,hdtv,9
0109.csv,95,[95 72 97 70 92 89 58 100 95 80 90 50 50 65 70 34 66 50 85 81 80 75 85 83 92 81 80 71 95 52 84 89],RateBased,sports,H264,hdtv,1
0110.csv,45,[90 77 72 78 97 91 88 50 45 60 76 69 74 60 73 80 94 75 91 85 70 80 89 71 90 30 90 77 96 94 72 99],RateBased,sports,H264,hdtv,2
0111.csv,50,[85 35 70 61 96 72 60 1 50 68 83 50 100 80 57 78 65 85 98 90 25 65 60 39 85 27 85 64 50 50 57 84],RateBased,sports,H264,hdtv,3
0112.csv,68,[90 65 76 69 93 86 59 8 68 63 83 76 80 65 64 73 81 85 90 75 71 70 77 75 80 13 80 35 93 79 69 93],RateBased,sports,H264,hdtv,4
0113.csv,96,[100 100 82 78 95 100 66 88 96 83 83 74 100 80 100 99 90 100 96 95 83 80 90 100 100 94 96 60 100 95 50 98],RateBased,sports,H264,hdtv,5
0114.csv,100,[100 91 88 100 50 95 74 100 100 61 93 73 71 75 70 83 90 90 99 100 68 65 100 79 100 94 79 59 93 65 62 98],RateBased,sports,H264,hdtv,6
0115.csv,60,[30 65 75 76 9 56 12 60 60 60 32 12 75 65 55 25 2 60 15 26 80 35 1 31 45 34 29 28 65 31 69 92],RateBased,sports,H264,hdtv,7
0116.csv,40,[31 61 70 67 50 78 38 72 40 61 39 20 66 58 70 39 13 80 70 80 84 35 15 26 57 33 64 42 77 16 55 81],RateBased,sports,H264,hdtv,8
0117.csv,69,[70 36 91 57 49 58 50 8 69 71 66 50 80 60 65 72 10 75 86 90 53 35 82 50 70 22 80 58 77 82 51 81],RateBased,sports,H264,hdtv,9
0136.csv,65,[60 64 73 88 50 71 50 54 65 61 65 62 39 65 65 38 67 80 64 72 45 65 76 82 70 35 70 63 83 64 50 74],RateBased,document,HEVC,hdtv,1
0137.csv,69,[90 84 50 50 92 88 58 26 69 87 60 76 50 80 65 84 89 70 96 81 59 70 80 84 87 33 83 36 93 56 61 93],RateBased,document,HEVC,hdtv,2
0138.csv,23,[70 81 82 45 75 79 50 1 23 20 33 50 40 50 25 65 71 70 91 75 16 25 70 50 80 38 77 35 91 85 67 97],RateBased,document,HEVC,hdtv,3
0139.csv,58,[85 84 85 85 80 85 92 18 58 42 63 87 80 85 65 60 91 80 74 84 71 65 84 76 90 22 80 78 90 31 59 93],RateBased,document,HEVC,hdtv,4
0140.csv,96,[100 100 100 94 89 84 86 95 96 95 82 81 100 100 90 71 99 100 97 59 86 80 100 87 100 83 100 78 98 86 80 96],RateBased,document,HEVC,hdtv,5
0141.csv,50,[95 71 85 95 94 74 65 91 50 78 72 69 88 85 60 82 94 95 94 100 93 70 83 59 92 90 85 82 85 83 53 75],RateBased,document,HEVC,hdtv,6
0142.csv,91,[20 1 22 29 1 1 15 1 91 36 17 38 74 50 50 8 1 25 10 59 29 5 17 31 5 33 34 20 45 61 33 30],RateBased,document,HEVC,hdtv,7
0143.csv,31,[32 32 27 11 25 20 50 1 31 67 21 9 50 65 23 22 1 35 36 92 59 25 38 30 38 40 38 69 65 30 31 38],RateBased,document,HEVC,hdtv,8
0144.csv,50,[10 5 32 22 34 70 34 33 50 3 17 2 40 50 35 25 3 10 14 53 12 10 12 17 1 31 34 22 65 22 25 50],RateBased,document,HEVC,hdtv,9
0163.csv,87,[80 78 42 60 50 85 60 62 87 94 64 87 85 70 85 33 36 40 72 84 67 40 75 73 80 25 61 42 92 74 50 70],RateBased,game,HEVC,hdtv,1
0164.csv,67,[95 100 85 66 50 91 63 11 67 41 64 77 100 75 50 20 50 65 91 90 46 65 90 65 85 89 64 73 96 74 46 84],RateBased,game,HEVC,hdtv,2
0165.csv,18,[74 41 50 77 50 83 41 17 18 6 11 50 41 65 28 68 50 50 92 78 20 60 68 62 70 25 75 60 88 61 75 83],RateBased,game,HEVC,hdtv,3
0166.csv,32,[80 71 68 63 76 74 57 33 32 76 24 78 64 75 60 63 77 70 58 48 87 60 89 84 85 13 76 45 90 66 73 83],RateBased,game,HEVC,hdtv,4
0167.csv,77,[95 70 83 44 65 82 70 81 77 39 40 80 70 70 65 59 99 60 93 82 100 70 90 50 95 32 91 77 97 50 87 95],RateBased,game,HEVC,hdtv,5
0168.csv,58,[100 72 71 72 88 82 79 44 58 86 60 75 45 65 100 75 96 40 77 71 74 55 89 88 95 33 90 41 87 50 64 90],RateBased,game,HEVC,hdtv,6
0169.csv,54,[25 72 3 15 50 36 11 1 54 34 30 13 50 70 65 10 1 10 32 67 37 10 7 81 35 16 8 30 65 36 38 31],RateBased,game,HEVC,hdtv,7
0170.csv,73,[40 35 26 38 50 72 50 1 73 65 57 15 64 45 55 72 1 35 28 46 60 40 1 26 38 47 14 17 79 28 44 42],RateBased,game,HEVC,hdtv,8
0171.csv,3,[21 70 68 50 1 59 11 1 3 27 3 62 32 40 33 32 5 15 21 40 11 10 1 25 37 2 25 14 50 23 45 40],RateBased,game,HEVC,hdtv,9
0190.csv,100,[100 99 50 61 88 92 81 100 100 93 91 75 60 70 100 71 100 95 96 70 88 80 97 84 98 43 97 79 98 94 67 98],RateBased,movie,HEVC,hdtv,1
0191.csv,50,[85 61 81 75 85 79 57 30 50 57 66 89 65 65 40 63 81 60 91 91 82 55 83 52 85 32 85 38 95 81 67 99],RateBased,movie,HEVC,hdtv,2
0192.csv,60,[80 50 78 78 84 72 50 40 60 32 55 50 100 90 60 80 60 80 85 95 24 60 65 50 70 20 80 91 95 60 78 88],RateBased,movie,HEVC,hdtv,3
0193.csv,66,[85 81 50 66 50 86 68 44 66 76 28 50 100 65 41 70 99 65 91 58 62 45 86 41 88 10 89 37 96 60 74 99],RateBased,movie,HEVC,hdtv,4
0194.csv,100,[95 67 87 87 50 78 66 33 100 59 75 89 100 75 70 63 97 80 94 83 81 70 89 50 95 40 89 78 98 50 75 92],RateBased,movie,HEVC,hdtv,5
0195.csv,68,[94 88 78 64 92 85 76 22 68 56 66 76 88 80 75 80 96 75 81 100 56 70 90 50 90 25 92 79 97 64 69 67],RateBased,movie,HEVC,hdtv,6
0196.csv,77,[70 80 79 58 44 58 50 30 77 77 63 78 43 60 40 35 65 65 72 57 77 70 62 63 50 9 76 66 79 74 73 66],RateBased,movie,HEVC,hdtv,7
0197.csv,91,[75 61 68 61 62 82 84 100 91 50 67 50 85 80 84 63 75 40 98 92 45 60 77 52 92 93 76 65 89 76 69 78],RateBased,movie,HEVC,hdtv,8
0198.csv,84,[96 76 98 81 99 88 63 94 84 95 90 62 41 70 82 62 100 70 100 82 85 85 100 74 95 33 89 85 94 74 91 87],RateBased,movie,HEVC,hdtv,9
0217.csv,76,[100 88 76 100 79 82 88 90 76 97 79 89 100 50 87 60 97 75 88 100 78 75 98 88 100 100 100 69 92 89 88 86],RateBased,nature,HEVC,hdtv,1
0218.csv,64,[85 83 77 53 87 60 63 1 64 40 52 69 60 90 64 90 82 90 56 90 78 65 77 74 85 6 89 85 97 29 66 98],RateBased,nature,HEVC,hdtv,2
0219.csv,32,[80 98 79 62 87 80 79 1 32 13 17 34 71 70 24 74 69 60 94 81 69 75 70 66 80 50 80 32 91 50 80 88],RateBased,nature,HEVC,hdtv,3
0220.csv,54,[90 95 83 62 81 75 65 41 54 72 36 87 75 75 62 82 95 80 93 80 87 65 84 73 87 65 85 74 95 50 78 98],RateBased,nature,HEVC,hdtv,4
0221.csv,100,[100 100 81 100 94 82 39 100 100 80 100 87 63 100 100 89 100 100 91 80 92 80 96 100 100 99 95 73 100 84 72 82],RateBased,nature,HEVC,hdtv,5
0222.csv,97,[100 78 65 87 82 96 89 100 97 75 96 88 70 75 100 92 98 80 70 100 100 85 94 81 100 83 97 76 100 84 65 87],RateBased,nature,HEVC,hdtv,6
0223.csv,58,[80 71 48 61 55 85 68 89 58 61 58 90 62 50 68 58 67 25 42 50 67 65 72 50 70 39 70 59 87 63 44 50],RateBased,nature,HEVC,hdtv,7
0224.csv,90,[80 75 74 96 63 83 83 87 90 37 71 62 57 65 75 34 92 75 94 79 93 65 83 81 75 90 80 41 88 73 74 69],RateBased,nature,HEVC,hdtv,8
0225.csv,84,[95 66 75 91 97 81 58 21 84 82 89 87 80 90 70 62 96 80 86 93 58 70 90 75 95 96 88 60 96 71 50 67],RateBased,nature,HEVC,hdtv,9
0244.csv,79,[90 42 37 76 50 83 60 100 79 66 73 63 50 80 65 39 64 50 58 76 68 50 86 66 76 34 81 76 85 70 71 71],RateBased,sports,HEVC,hdtv,1
0245.csv,71,[85 69 86 50 95 81 57 39 71 87 68 72 84 70 60 80 95 85 93 92 64 75 90 60 86 18 88 73 95 62 67 93],RateBased,sports,HEVC,hdtv,2
0246.csv,23,[80 37 71 68 75 82 63 1 23 40 82 65 80 70 40 58 76 70 96 68 38 25 84 55 68 77 80 38 94 60 76 86],RateBased,sports,HEVC,hdtv,3
0247.csv,41,[87 57 95 60 88 73 63 1 41 68 81 80 50 70 45 75 75 85 92 90 56 68 80 74 80 10 83 74 95 63 50 87],RateBased,sports,HEVC,hdtv,4
0248.csv,76,[95 75 87 91 99 87 70 75 76 61 98 80 90 75 90 68 91 95 100 96 93 60 100 79 92 19 90 65 99 71 82 65],RateBased,sports,HEVC,hdtv,5
0249.csv,93,[100 100 94 61 91 95 73 82 93 83 85 73 43 75 100 73 74 70 100 71 80 70 92 71 100 60 92 82 98 70 83 93],RateBased,sports,HEVC,hdtv,6
0250.csv,33,[20 9 29 58 19 11 4 39 33 16 1 3 30 50 50 13 1 10 35 23 39 15 57 31 14 20 28 35 40 28 31 40],RateBased,sports,HEVC,hdtv,7
0251.csv,42,[20 23 50 64 67 31 12 73 42 75 37 22 40 50 50 21 3 65 34 65 65 30 1 36 44 30 38 26 75 68 47 50],RateBased,sports,HEVC,hdtv,8
0252.csv,38,[10 70 49 37 70 74 50 20 38 62 43 15 75 60 50 59 29 25 30 40 37 20 26 28 66 6 36 44 78 39 41 50],RateBased,sports,HEVC,hdtv,9
0271.csv,63,[95 94 50 86 41 74 60 15 63 71 44 40 60 70 43 38 57 80 8 81 59 25 65 84 45 34 50 79 90 67 32 77],BufferOccupancy,document,H264,hdtv,1
0272.csv,100,[85 100 63 67 50 83 66 14 100 75 62 71 74 70 45 71 72 90 42 100 69 40 71 75 60 35 77 94 83 68 62 69],BufferOccupancy,document,H264,hdtv,2
0273.csv,92,[90 53 77 50 76 84 71 11 92 77 69 40 65 60 66 70 89 70 86 72 74 60 88 81 63 29 85 61 95 59 63 78],BufferOccupancy,document,H264,hdtv,3
0274.csv,68,[85 32 82 40 50 70 65 1 68 68 67 40 40 60 60 67 72 75 90 82 72 35 95 74 57 93 80 75 87 62 64 76],BufferOccupancy,document,H264,hdtv,4
0275.csv,62,[100 68 28 91 28 89 58 12 62 84 76 50 59 75 63 34 50 65 88 48 66 40 66 87 35 100 53 80 85 50 50 73],BufferOccupancy,document,H264,hdtv,5
0276.csv,88,[91 65 50 78 56 68 72 11 88 68 85 50 100 70 56 55 59 70 86 57 70 45 67 83 45 33 72 65 86 72 61 79],BufferOccupancy,document,H264,hdtv,6
0277.csv,19,[85 30 50 41 50 74 61 22 19 69 66 65 40 70 27 46 71 50 85 41 66 20 86 54 32 50 40 35 84 39 62 63],BufferOccupancy,document,H264,hdtv,7
0278.csv,60,[75 89 80 79 44 78 60 2 60 42 62 18 70 50 72 68 67 50 85 37 66 25 50 50 70 79 75 73 80 69 42 72],BufferOccupancy,document,H264,hdtv,8
0279.csv,50,[85 64 45 50 40 72 73 1 50 57 8 30 40 85 40 29 19 50 50 80 60 25 30 28 40 41 45 67 79 50 34 50],BufferOccupancy,document,H264,hdtv,9
0298.csv,64,[90 83 77 50 65 75 72 1 64 81 33 63 60 75 50 81 62 75 91 69 79 70 61 60 36 28 65 78 89 39 34 90],BufferOccupancy,game,H264,hdtv,1
0299.csv,66,[85 74 77 54 65 82 38 12 66 50 52 36 60 50 56 45 67 90 78 30 66 40 50 70 70 24 76 20 93 50 42 82],BufferOccupancy,game,H264,hdtv,2
0300.csv,33,[70 71 50 82 29 84 91 3 33 39 69 39 80 40 55 65 75 60 75 47 64 45 60 67 50 33 58 32 90 60 29 92],BufferOccupancy,game,H264,hdtv,3
0301.csv,36,[85 72 50 41 50 85 40 24 36 44 61 64 85 50 72 53 50 60 89 52 45 25 49 82 45 50 69 30 80 67 34 50],BufferOccupancy,game,H264,hdtv,4
0302.csv,50,[95 89 65 37 69 74 64 11 50 78 75 69 74 60 66 63 67 80 43 81 73 55 71 29 74 64 77 77 90 81 70 85],BufferOccupancy,game,H264,hdtv,5
0303.csv,73,[90 90 76 66 2 84 31 11 73 60 40 68 68 65 60 58 67 60 83 60 66 35 54 46 50 35 84 39 85 73 39 87],BufferOccupancy,game,H264,hdtv,6
0304.csv,72,[40 31 50 47 39 69 43 10 72 23 63 39 40 60 55 48 77 40 64 63 45 30 56 75 27 46 65 42 55 78 48 64],BufferOccupancy,game,H264,hdtv,7
0305.csv,77,[90 43 79 47 38 71 58 78 77 41 40 50 70 75 60 62 32 50 70 46 68 55 45 91 35 49 58 65 77 68 37 50],BufferOccupancy,game,H264,hdtv,8
0306.csv,81,[70 24 30 35 2 81 20 14 81 70 74 38 30 50 59 56 50 50 50 98 42 30 62 39 45 26 65 63 82 29 46 86],BufferOccupancy,game,H264,hdtv,9
0325.csv,60,[90 74 50 64 33 92 66 73 60 62 31 66 50 70 55 24 77 60 94 51 64 55 62 74 62 73 70 86 89 69 47 91],BufferOccupancy,movie,H264,hdtv,1
0326.csv,70,[85 50 90 40 41 77 58 27 70 42 24 64 60 65 60 77 88 50 89 82 58 40 39 88 68 33 72 79 88 76 50 99],BufferOccupancy,movie,H264,hdtv,2
0327.csv,70,[85 41 85 80 50 76 50 44 70 80 65 76 65 50 70 63 71 65 83 48 44 35 88 87 66 75 85 65 95 42 58 69],BufferOccupancy,movie,H264,hdtv,3
0328.csv,90,[85 68 80 74 50 91 18 38 90 40 62 50 70 60 44 30 70 50 85 89 55 20 93 86 50 15 78 63 87 65 31 50],BufferOccupancy,movie,H264,hdtv,4
0329.csv,80,[95 40 73 44 89 79 39 65 80 67 62 67 44 50 60 72 75 70 71 76 59 60 93 50 65 32 83 54 88 60 60 91],BufferOccupancy,movie,H264,hdtv,5
0330.csv,90,[90 65 86 73 40 82 63 50 90 50 35 50 61 60 60 68 50 60 88 74 72 65 60 68 58 14 76 38 85 68 62 79],BufferOccupancy,movie,H264,hdtv,6
0331.csv,84,[85 34 50 50 58 67 14 85 84 85 38 23 70 70 62 27 36 70 44 61 42 35 40 26 50 24 61 36 90 35 63 67],BufferOccupancy,movie,H264,hdtv,7
0332.csv,87,[95 71 71 51 46 84 59 39 87 64 32 50 41 70 60 65 67 65 93 71 57 35 44 33 60 36 94 26 90 77 59 78],BufferOccupancy,movie,H264,hdtv,8
0333.csv,61,[90 62 77 50 91 69 50 50 61 71 47 76 42 50 62 61 50 70 89 36 61 45 79 50 66 32 85 58 76 60 34 57],BufferOccupancy,movie,H264,hdtv,9
0352.csv,75,[90 60 87 63 65 82 70 58 75 64 50 83 43 65 74 75 82 70 83 89 45 65 100 35 69 62 80 73 92 65 44 74],BufferOccupancy,nature,H264,hdtv,1
0353.csv,68,[95 67 70 94 78 89 79 34 68 39 85 50 100 70 72 60 68 85 81 88 88 70 63 40 75 90 85 69 87 42 50 75],BufferOccupancy,nature,H264,hdtv,2
0354.csv,95,[95 88 67 95 79 78 87 56 95 85 90 75 51 70 75 54 62 100 88 88 79 65 78 100 60 20 80 21 95 38 46 75],BufferOccupancy,nature,H264,hdtv,3
0355.csv,65,[70 83 87 97 76 87 87 71 65 41 85 73 50 75 37 79 80 60 78 59 72 60 81 50 72 44 83 61 87 95 61 98],BufferOccupancy,nature,H264,hdtv,4
0356.csv,69,[80 66 82 72 65 81 83 39 69 61 39 86 50 60 74 60 93 70 85 87 60 70 100 72 75 81 83 81 92 63 64 71],BufferOccupancy,nature,H264,hdtv,5
0357.csv,37,[40 58 35 60 50 85 41 13 37 39 34 36 65 70 45 43 35 50 69 62 41 45 50 50 38 7 50 34 85 66 32 43],BufferOccupancy,nature,H264,hdtv,6
0358.csv,69,[65 68 68 68 67 85 60 81 69 50 79 35 75 50 60 49 42 50 77 74 62 30 50 25 56 36 71 18 82 59 44 67],BufferOccupancy,nature,H264,hdtv,7
0359.csv,94,[90 91 76 67 71 82 70 50 94 58 68 96 64 75 80 55 81 60 42 90 65 70 41 58 88 35 67 70 88 93 44 97],BufferOccupancy,nature,H264,hdtv,8
0360.csv,71,[90 45 80 82 67 76 75 57 71 80 61 62 38 65 65 58 87 50 85 77 61 65 66 79 68 30 86 88 80 73 70 59],BufferOccupancy,nature,H264,hdtv,9
0379.csv,50,[60 89 95 63 50 66 41 2 50 41 20 10 70 60 40 45 50 60 58 41 82 30 75 23 50 71 75 36 85 28 34 73],BufferOccupancy,sports,H264,hdtv,1
0380.csv,69,[85 40 83 43 22 62 62 1 69 61 69 75 62 70 40 60 82 70 91 61 61 30 58 72 38 67 76 42 88 70 50 66],BufferOccupancy,sports,H264,hdtv,2
0381.csv,50,[92 67 80 82 64 75 50 1 50 31 63 50 45 70 42 77 76 70 85 61 50 65 50 80 53 22 85 38 78 61 34 90],BufferOccupancy,sports,H264,hdtv,3
0382.csv,70,[90 41 30 43 50 67 41 21 70 33 75 26 90 80 35 59 50 50 67 86 74 10 50 71 67 77 79 57 92 50 36 80],BufferOccupancy,sports,H264,hdtv,4
0383.csv,55,[95 81 68 55 50 37 47 12 55 27 36 61 20 65 45 81 64 90 72 50 34 55 63 38 45 26 67 78 90 50 36 78],BufferOccupancy,sports,H264,hdtv,5
0384.csv,51,[60 32 70 72 68 70 10 14 51 34 10 12 38 50 58 54 24 50 50 69 25 35 38 50 25 14 61 40 73 42 54 67],BufferOccupancy,sports,H264,hdtv,6
0385.csv,50,[60 43 62 39 50 69 9 2 50 41 13 62 42 70 56 32 24 50 50 38 39 30 50 32 44 47 82 40 63 73 30 77],BufferOccupancy,sports,H264,hdtv,7
0386.csv,68,[68 40 50 66 46 73 41 11 68 71 57 62 41 50 20 42 48 50 92 53 50 25 64 30 35 50 75 38 71 37 43 87],BufferOccupancy,sports,H264,hdtv,8
0387.csv,50,[50 40 63 46 40 79 20 47 50 88 20 10 20 40 33 56 15 50 50 62 38 25 50 37 35 14 57 57 85 42 34 41],BufferOccupancy,sports,H264,hdtv,9
0406.csv,33,[85 73 50 55 30 88 77 1 33 37 40 31 60 64 68 36 79 35 74 90 53 35 50 24 50 70 35 22 77 38 40 50],BufferOccupancy,document,HEVC,hdtv,1
0407.csv,78,[95 38 97 70 68 78 86 1 78 87 67 39 45 85 75 100 86 65 87 65 21 50 80 34 55 33 66 66 88 50 47 72],BufferOccupancy,document,HEVC,hdtv,2
0408.csv,76,[90 68 74 56 35 76 70 1 76 77 39 72 40 75 70 62 94 90 82 100 41 50 72 85 70 88 88 82 92 44 37 70],BufferOccupancy,document,HEVC,hdtv,3
0409.csv,57,[85 82 34 44 63 29 50 2 57 50 26 32 26 70 35 57 70 90 42 78 41 50 55 71 68 32 69 64 81 39 42 60],BufferOccupancy,document,HEVC,hdtv,4
0410.csv,50,[73 72 76 81 33 83 32 17 50 73 54 71 65 65 60 40 71 70 50 75 61 55 50 50 68 39 75 72 90 72 67 88],BufferOccupancy,document,HEVC,hdtv,5
0411.csv,70,[90 79 50 65 87 76 80 1 70 63 62 50 40 60 63 61 73 70 92 42 61 60 50 73 58 80 85 34 88 74 63 83],BufferOccupancy,document,HEVC,hdtv,6
0412.csv,8,[11 68 28 32 12 60 39 1 8 18 14 9 45 60 37 13 5 20 15 40 29 5 30 18 10 42 20 7 47 35 30 50],BufferOccupancy,document,HEVC,hdtv,7
0413.csv,10,[30 24 50 74 1 23 50 1 10 42 62 14 61 60 32 24 50 40 15 40 80 15 32 15 20 32 39 25 73 69 37 43],BufferOccupancy,document,HEVC,hdtv,8
0414.csv,38,[71 38 81 41 27 61 40 1 38 41 18 15 44 40 40 19 11 40 50 66 68 15 41 37 25 29 30 22 70 38 45 60],BufferOccupancy,document,HEVC,hdtv,9
0433.csv,74,[80 45 85 31 36 73 50 1 74 70 68 50 62 50 55 67 36 40 50 32 61 35 50 79 57 61 41 28 85 78 41 61],BufferOccupancy,game,HEVC,hdtv,1
0434.csv,84,[90 79 35 69 70 76 62 32 84 66 83 70 65 75 75 50 85 65 59 42 71 50 53 51 60 25 77 60 92 89 67 68],BufferOccupancy,game,HEVC,hdtv,2
0435.csv,90,[90 68 73 69 91 84 75 36 90 50 36 84 60 65 62 56 76 65 95 80 63 55 77 70 75 41 93 36 91 68 77 90],BufferOccupancy,game,HEVC,hdtv,3
0436.csv,94,[70 73 33 92 65 76 50 20 94 77 72 75 100 60 60 24 66 35 81 71 66 15 60 76 65 58 65 23 90 71 43 41],BufferOccupancy,game,HEVC,hdtv,4
0437.csv,60,[90 73 50 78 50 86 50 34 60 93 74 50 40 75 68 63 89 65 74 78 66 45 61 50 65 34 80 31 96 50 50 66],BufferOccupancy,game,HEVC,hdtv,5
0438.csv,100,[90 27 76 100 61 83 42 6 100 87 37 64 64 70 65 38 40 60 84 70 61 25 57 81 57 36 74 40 83 77 60 99],BufferOccupancy,game,HEVC,hdtv,6
0439.csv,96,[40 36 32 69 50 66 39 18 96 78 36 48 70 40 63 33 3 40 58 57 86 36 40 30 44 27 23 55 75 40 37 42],BufferOccupancy,game,HEVC,hdtv,7
0440.csv,50,[76 31 50 28 34 66 50 15 50 60 19 21 75 65 50 38 32 45 50 33 43 25 61 83 38 31 37 35 77 65 81 58],BufferOccupancy,game,HEVC,hdtv,8
0441.csv,53,[40 35 32 50 36 39 50 1 53 23 37 79 50 70 43 14 26 40 59 72 58 35 50 40 55 40 39 33 65 63 68 50],BufferOccupancy,game,HEVC,hdtv,9
0460.csv,81,[90 50 68 78 50 84 50 59 81 72 70 77 62 75 70 63 74 70 96 90 86 60 60 63 50 75 84 60 88 63 39 72],BufferOccupancy,movie,HEVC,hdtv,1
0461.csv,72,[90 68 78 100 60 80 60 77 72 77 67 31 45 60 76 65 90 85 94 78 67 70 87 80 64 86 95 63 88 76 67 79],BufferOccupancy,movie,HEVC,hdtv,2
0462.csv,81,[90 65 50 34 59 84 58 66 81 77 83 71 64 70 60 61 87 75 89 64 61 80 75 37 70 21 79 68 92 34 69 87],BufferOccupancy,movie,HEVC,hdtv,3
0463.csv,76,[80 68 72 58 44 64 50 58 76 65 67 78 40 60 58 60 95 65 62 92 45 76 41 30 67 44 80 66 85 73 55 96],BufferOccupancy,movie,HEVC,hdtv,4
0464.csv,86,[95 32 77 61 60 86 59 75 86 67 80 62 40 65 70 69 50 70 87 58 64 50 57 50 70 20 73 85 93 50 39 96],BufferOccupancy,movie,HEVC,hdtv,5
0465.csv,69,[100 66 77 40 82 91 66 50 69 39 39 58 73 50 66 63 32 75 91 90 59 60 87 62 67 17 85 64 92 87 76 67],BufferOccupancy,movie,HEVC,hdtv,6
0466.csv,59,[90 80 55 66 64 75 50 42 59 38 72 21 65 70 70 29 35 50 79 61 85 40 72 27 30 13 70 43 84 66 39 67],BufferOccupancy,movie,HEVC,hdtv,7
0467.csv,90,[89 64 71 63 59 86 86 50 90 32 19 31 75 80 70 24 50 60 72 73 46 35 55 71 55 30 62 64 92 37 44 83],BufferOccupancy,movie,HEVC,hdtv,8
0468.csv,85,[85 91 71 65 50 80 39 14 85 66 34 73 60 75 60 25 75 75 92 98 65 45 80 38 50 71 65 30 86 70 54 82],BufferOccupancy,movie,HEVC,hdtv,9
0487.csv,90,[95 85 76 83 90 91 82 78 90 81 63 81 41 70 68 85 97 70 91 38 55 40 63 81 80 60 91 77 93 24 66 69],BufferOccupancy,nature,HEVC,hdtv,1
0488.csv,71,[90 50 82 53 88 80 84 47 71 39 74 62 85 70 78 62 82 70 96 57 62 70 37 75 75 31 80 59 91 77 85 59],BufferOccupancy,nature,HEVC,hdtv,2
0489.csv,78,[95 41 86 57 92 85 75 67 78 72 64 77 62 65 62 81 96 50 96 78 62 75 80 50 65 50 86 64 87 78 72 94],BufferOccupancy,nature,HEVC,hdtv,3
0490.csv,92,[90 64 69 52 73 89 86 35 92 58 27 95 100 100 80 68 98 60 94 86 59 70 83 50 75 29 85 78 87 67 63 85],BufferOccupancy,nature,HEVC,hdtv,4
0491.csv,85,[95 64 71 70 93 84 63 66 85 84 59 96 50 75 85 84 97 85 66 89 72 60 71 73 76 21 75 93 90 72 71 85],BufferOccupancy,nature,HEVC,hdtv,5
0492.csv,96,[80 64 74 83 89 90 59 68 96 73 59 58 70 80 70 72 93 50 69 94 91 65 76 78 66 39 81 81 92 62 82 68],BufferOccupancy,nature,HEVC,hdtv,6
0493.csv,79,[85 73 69 58 83 91 75 71 79 61 65 65 40 80 70 29 86 60 58 58 68 65 90 81 65 75 74 40 85 37 50 53],BufferOccupancy,nature,HEVC,hdtv,7
0494.csv,79,[94 74 73 64 78 92 38 60 79 63 69 28 88 75 60 68 92 90 54 43 70 65 81 50 76 43 88 68 95 72 66 73],BufferOccupancy,nature,HEVC,hdtv,8
0495.csv,84,[85 76 50 75 50 83 62 65 84 79 70 90 71 60 70 42 90 85 40 21 38 65 65 34 88 75 80 36 90 74 63 82],BufferOccupancy,nature,HEVC,hdtv,9
0514.csv,50,[65 72 50 77 34 82 23 65 50 62 74 26 45 80 70 75 50 70 71 79 46 40 50 57 50 97 73 37 75 18 50 72],BufferOccupancy,sports,HEVC,hdtv,1
0515.csv,77,[65 81 50 72 80 88 59 78 77 79 91 26 62 75 100 62 90 50 82 83 85 65 97 73 70 34 81 73 87 69 59 79],BufferOccupancy,sports,HEVC,hdtv,2
0516.csv,64,[80 91 81 72 99 93 59 45 64 91 70 61 66 100 60 81 72 65 92 77 61 35 66 35 65 61 71 32 92 43 39 76],BufferOccupancy,sports,HEVC,hdtv,3
0517.csv,50,[80 69 91 50 50 75 23 55 50 62 35 61 50 60 67 92 70 50 84 65 90 40 45 39 60 74 63 60 80 67 56 86],BufferOccupancy,sports,HEVC,hdtv,4
0518.csv,71,[85 64 82 58 91 84 73 56 71 85 41 50 41 75 55 71 84 40 93 66 99 60 61 68 70 87 81 62 82 69 60 91],BufferOccupancy,sports,HEVC,hdtv,5
0519.csv,82,[57 70 38 64 50 72 41 75 82 58 41 41 45 90 68 62 50 55 58 79 72 25 41 50 57 16 68 42 85 62 39 69],BufferOccupancy,sports,HEVC,hdtv,6
0520.csv,29,[14 30 12 80 38 76 3 2 29 44 23 10 41 50 34 20 20 35 56 81 56 40 44 79 39 42 50 56 85 25 43 63],BufferOccupancy,sports,HEVC,hdtv,7
0521.csv,42,[50 30 50 44 40 74 50 54 42 78 26 8 40 70 64 27 50 40 64 59 72 40 50 36 42 39 72 22 70 50 70 66],BufferOccupancy,sports,HEVC,hdtv,8
0522.csv,87,[45 39 70 67 72 63 15 50 87 40 32 47 75 60 40 37 14 40 28 81 59 35 26 30 45 9 75 74 79 50 41 50],BufferOccupancy,sports,HEVC,hdtv,9
0541.csv,71,[100 83 84 81 76 89 83 93 71 73 95 94 68 80 80 63 94 100 85 80 84 75 90 91 100 75 96 77 100 81 60 91],FastMPC,document,H264,hdtv,1
0542.csv,65,[90 100 76 75 99 92 97 15 65 87 68 86 100 80 65 89 97 95 92 100 73 65 89 70 95 48 94 58 98 72 56 89],FastMPC,document,H264,hdtv,2
0543.csv,28,[80 87 50 64 90 67 58 20 28 31 17 87 84 75 37 83 63 85 91 85 66 75 84 66 85 60 75 37 93 72 70 91],FastMPC,document,H264,hdtv,3
0544.csv,100,[100 100 84 78 90 98 82 27 100 66 20 62 74 80 70 83 98 75 65 73 91 70 93 41 90 70 80 74 98 69 71 95],FastMPC,document,H264,hdtv,4
0545.csv,100,[100 74 100 67 99 98 87 100 100 77 87 83 100 100 88 80 98 90 100 84 82 65 100 88 90 35 93 90 100 75 42 94],FastMPC,document,H264,hdtv,5
0546.csv,90,[90 61 69 88 81 89 69 20 90 74 74 83 94 70 70 86 95 90 92 93 61 75 71 76 95 32 92 74 99 81 67 94],FastMPC,document,H264,hdtv,6
0547.csv,21,[40 35 68 63 26 74 60 1 21 33 30 35 45 70 64 31 6 30 31 50 44 10 34 75 67 22 37 72 83 50 36 36],FastMPC,document,H264,hdtv,7
0548.csv,65,[75 37 80 89 62 71 50 100 65 67 81 94 75 70 50 39 50 70 58 60 69 45 76 75 50 25 69 75 87 65 44 78],FastMPC,document,H264,hdtv,8
0549.csv,9,[65 1 50 18 71 60 29 1 9 39 20 20 41 65 31 51 50 40 94 64 61 50 59 17 55 47 75 34 83 41 50 78],FastMPC,document,H264,hdtv,9
0568.csv,93,[100 67 76 92 75 93 90 89 93 75 59 61 100 70 85 76 73 75 100 82 67 50 93 87 100 61 79 81 98 68 45 59],FastMPC,game,H264,hdtv,1
0569.csv,87,[85 100 85 73 80 84 40 18 87 63 20 80 41 70 39 86 91 50 94 71 79 55 87 74 84 30 92 37 93 21 71 90],FastMPC,game,H264,hdtv,2
0570.csv,39,[50 43 74 50 66 78 50 1 39 20 1 62 39 75 26 75 50 50 90 62 19 65 77 38 67 7 94 29 89 38 74 82],FastMPC,game,H264,hdtv,3
0571.csv,49,[85 35 75 50 97 80 50 8 49 40 32 50 40 80 35 61 66 60 78 80 61 60 72 55 85 80 80 61 95 45 46 92],FastMPC,game,H264,hdtv,4
0572.csv,50,[100 71 81 100 80 97 75 41 50 76 86 71 78 70 100 84 90 80 100 97 89 80 85 75 100 35 89 73 98 68 89 91],FastMPC,game,H264,hdtv,5
0573.csv,47,[90 64 83 72 76 96 64 9 47 79 67 23 80 90 85 63 96 90 80 96 70 40 74 74 82 13 76 81 50 72 70 98],FastMPC,game,H264,hdtv,6
0574.csv,72,[50 37 27 40 40 55 50 43 72 61 61 30 44 50 55 22 34 40 79 50 43 35 60 40 50 42 72 37 75 64 25 50],FastMPC,game,H264,hdtv,7
0575.csv,84,[85 74 50 72 71 80 73 27 84 42 32 61 40 60 45 37 22 60 80 55 70 40 60 40 70 42 66 78 84 84 60 71],FastMPC,game,H264,hdtv,8
0576.csv,38,[75 75 50 35 66 58 62 1 38 39 12 46 40 68 30 38 27 5 63 60 35 55 30 62 78 6 62 28 88 61 24 66],FastMPC,game,H264,hdtv,9
0595.csv,74,[80 65 78 93 99 84 81 62 74 97 42 73 40 50 100 69 98 70 95 77 64 60 74 71 97 28 89 58 98 66 72 99],FastMPC,movie,H264,hdtv,1
0596.csv,69,[90 100 87 76 86 72 62 8 69 58 56 78 61 65 64 42 95 85 94 100 33 70 100 70 86 74 92 84 95 79 45 74],FastMPC,movie,H264,hdtv,2
0597.csv,74,[80 85 75 45 89 79 50 1 74 32 65 85 45 80 65 81 74 80 96 86 39 60 80 73 80 1 87 78 95 33 67 88],FastMPC,movie,H264,hdtv,3
0598.csv,59,[90 86 78 61 50 68 66 22 59 50 70 36 75 70 35 76 84 50 76 81 40 70 42 87 85 38 81 64 97 84 68 93],FastMPC,movie,H264,hdtv,4
0599.csv,100,[100 97 75 78 50 85 66 97 100 77 88 90 64 65 85 75 97 100 87 86 85 85 90 76 99 68 93 71 91 88 42 100],FastMPC,movie,H264,hdtv,5
0600.csv,96,[100 70 97 68 82 92 89 100 96 97 55 81 35 65 85 29 89 80 100 100 60 80 91 79 100 82 93 50 100 65 76 97],FastMPC,movie,H264,hdtv,6
0601.csv,62,[85 36 63 68 50 77 50 84 62 73 71 82 76 75 70 46 87 35 12 62 76 40 63 75 58 18 72 59 78 72 67 72],FastMPC,movie,H264,hdtv,7
0602.csv,75,[95 68 100 74 50 78 59 22 75 62 65 84 61 65 50 61 92 70 67 77 76 65 86 74 70 26 82 40 84 69 68 81],FastMPC,movie,H264,hdtv,8
0603.csv,50,[70 34 75 44 86 73 69 25 50 30 55 27 80 60 40 35 35 65 47 92 45 65 74 42 85 12 70 41 90 50 57 81],FastMPC,movie,H264,hdtv,9
0622.csv,80,[100 91 88 100 97 89 85 100 80 79 95 81 100 85 100 78 100 100 96 91 84 85 100 76 100 87 90 69 100 38 79 96],FastMPC,nature,H264,hdtv,1
0623.csv,73,[95 100 84 60 85 81 84 31 73 87 79 70 100 100 73 85 94 90 91 100 59 90 88 85 90 9 84 72 99 59 66 81],FastMPC,nature,H264,hdtv,2
0624.csv,50,[85 38 77 71 96 62 57 16 50 39 74 50 75 85 45 60 86 80 65 93 42 60 79 62 90 11 90 83 95 71 80 93],FastMPC,nature,H264,hdtv,3
0625.csv,71,[100 32 88 72 98 74 60 30 71 68 74 75 67 80 40 63 94 50 78 100 61 80 84 83 89 15 79 36 92 77 63 93],FastMPC,nature,H264,hdtv,4
0626.csv,84,[100 97 78 63 96 86 92 82 84 78 72 92 60 70 91 82 100 70 93 75 69 85 96 60 100 22 86 84 98 80 82 98],FastMPC,nature,H264,hdtv,5
0627.csv,80,[100 100 72 75 91 97 94 100 80 84 87 71 100 80 85 76 100 80 90 100 85 95 94 80 100 93 96 85 100 78 58 95],FastMPC,nature,H264,hdtv,6
0628.csv,75,[75 36 45 87 70 87 66 93 75 79 41 41 70 65 69 35 40 65 22 76 70 65 60 68 65 25 70 46 86 60 50 41],FastMPC,nature,H264,hdtv,7
0629.csv,74,[90 74 81 75 98 77 84 88 74 84 82 80 60 75 80 62 91 50 69 90 63 70 80 74 95 94 82 80 99 96 50 93],FastMPC,nature,H264,hdtv,8
0630.csv,7,[74 82 74 75 50 70 59 13 7 50 30 31 100 70 35 53 78 70 84 72 80 30 75 23 80 15 82 58 90 39 59 58],FastMPC,nature,H264,hdtv,9
0649.csv,78,[95 70 50 71 66 82 55 32 78 69 78 83 100 70 66 36 80 80 93 91 66 55 85 78 90 65 75 57 88 72 57 92],FastMPC,sports,H264,hdtv,1
0650.csv,73,[95 77 96 84 80 84 63 21 73 84 28 73 63 90 60 76 97 95 93 94 91 65 90 70 92 25 95 58 98 68 50 97],FastMPC,sports,H264,hdtv,2
0651.csv,30,[77 74 81 55 73 84 43 1 30 41 43 64 80 70 45 84 89 65 61 91 43 35 85 61 76 1 82 41 93 1 59 83],FastMPC,sports,H264,hdtv,3
0652.csv,73,[90 74 92 61 89 58 60 27 73 91 70 47 80 80 60 80 80 100 91 90 60 70 81 50 85 10 71 80 95 68 45 87],FastMPC,sports,H264,hdtv,4
0653.csv,100,[100 80 72 50 93 100 89 100 100 71 91 87 69 80 100 69 100 100 87 79 74 85 100 82 100 42 95 95 100 84 50 93],FastMPC,sports,H264,hdtv,5
0654.csv,77,[95 73 80 76 76 94 66 42 77 67 89 91 100 80 75 81 88 95 90 65 76 80 71 84 90 9 88 58 99 61 67 95],FastMPC,sports,H264,hdtv,6
0655.csv,69,[70 40 50 73 37 65 21 26 69 43 19 25 50 70 52 36 31 40 66 46 71 35 39 70 48 40 81 65 73 62 41 69],FastMPC,sports,H264,hdtv,7
0656.csv,69,[85 39 73 83 75 90 73 100 69 69 80 83 80 60 70 58 50 80 66 40 61 40 50 75 75 21 74 38 89 64 55 42],FastMPC,sports,H264,hdtv,8
0657.csv,25,[20 72 69 54 50 55 20 1 25 41 80 60 70 65 30 23 13 55 50 77 39 25 50 50 45 34 68 64 78 38 42 42],FastMPC,sports,H264,hdtv,9
0676.csv,74,[85 83 84 92 64 69 58 74 74 40 94 90 70 70 64 42 90 70 72 54 90 60 92 67 69 70 70 72 93 80 70 61],FastMPC,document,HEVC,hdtv,1
0677.csv,22,[70 35 85 51 95 74 63 24 22 67 82 77 75 90 60 81 74 85 83 92 55 60 85 50 80 33 83 63 95 36 57 86],FastMPC,document,HEVC,hdtv,2
0678.csv,28,[43 55 73 25 61 67 50 1 28 25 61 74 61 90 35 62 19 70 50 92 40 15 69 38 80 15 78 69 91 50 59 80],FastMPC,document,HEVC,hdtv,3
0679.csv,61,[90 69 50 47 90 83 76 15 61 80 72 71 80 100 70 62 88 90 81 95 69 60 90 85 80 76 84 70 99 50 69 97],FastMPC,document,HEVC,hdtv,4
0680.csv,99,[95 85 85 64 98 81 87 29 99 72 85 86 50 65 72 75 99 80 82 69 65 75 89 72 90 34 88 55 96 69 71 97],FastMPC,document,HEVC,hdtv,5
0681.csv,83,[95 99 80 87 81 80 62 39 83 66 66 83 50 75 67 85 98 70 92 78 84 70 93 77 95 64 80 81 95 68 64 97],FastMPC,document,HEVC,hdtv,6
0682.csv,10,[20 34 30 50 16 30 10 1 10 14 10 12 50 60 35 11 1 25 29 6 34 70 36 56 8 40 12 32 48 29 32 31],FastMPC,document,HEVC,hdtv,7
0683.csv,33,[20 27 27 74 50 12 35 1 33 78 25 27 39 75 16 16 7 35 17 34 39 15 31 37 13 39 13 26 40 29 42 50],FastMPC,document,HEVC,hdtv,8
0684.csv,5,[15 35 16 47 4 42 22 1 5 41 22 1 30 35 15 36 2 5 38 30 29 15 8 1 1 27 45 27 40 69 25 24],FastMPC,document,HEVC,hdtv,9
0703.csv,49,[40 86 75 73 50 70 76 18 49 75 83 71 81 80 65 59 60 70 97 76 64 60 56 37 56 34 68 39 92 64 50 89],FastMPC,game,HEVC,hdtv,1
0704.csv,21,[70 1 90 46 50 44 41 13 21 39 78 61 41 80 40 65 85 80 50 63 40 40 60 76 78 7 62 80 94 68 44 94],FastMPC,game,HEVC,hdtv,2
0705.csv,31,[70 27 72 42 16 15 43 5 31 13 58 50 100 80 30 39 38 40 90 63 33 20 40 13 78 5 76 65 90 16 73 88],FastMPC,game,HEVC,hdtv,3
0706.csv,50,[100 100 65 50 53 69 73 1 50 33 78 43 66 75 44 57 90 55 93 89 46 70 60 82 85 23 76 81 95 40 50 73],FastMPC,game,HEVC,hdtv,4
0707.csv,70,[95 61 89 69 98 84 52 30 70 59 69 68 60 75 70 68 94 50 87 75 83 75 87 73 85 37 94 64 94 66 43 97],FastMPC,game,HEVC,hdtv,5
0708.csv,50,[90 50 66 80 67 85 79 12 50 78 86 90 61 75 65 80 93 90 91 79 42 65 80 88 85 72 81 65 97 50 50 94],FastMPC,game,HEVC,hdtv,6
0709.csv,50,[41 32 81 74 9 35 12 1 50 41 26 61 62 60 50 14 1 60 24 46 66 20 1 33 10 37 10 67 40 1 44 63],FastMPC,game,HEVC,hdtv,7
0710.csv,74,[70 68 1 79 5 68 18 1 74 50 20 38 65 60 40 35 10 35 42 90 61 20 7 36 35 36 34 17 68 50 44 60],FastMPC,game,HEVC,hdtv,8
0711.csv,10,[10 1 68 17 50 13 22 18 10 38 1 1 45 60 10 15 2 20 50 25 35 5 1 32 1 7 30 8 70 23 37 50],FastMPC,game,HEVC,hdtv,9
0730.csv,96,[100 70 90 92 63 100 68 100 96 74 93 73 71 90 82 71 100 70 93 100 87 75 86 50 100 35 100 89 91 89 47 96],FastMPC,movie,HEVC,hdtv,1
0731.csv,50,[95 82 91 60 86 80 60 8 50 79 66 21 50 65 65 87 70 70 85 78 21 65 63 74 85 1 67 79 95 66 55 65],FastMPC,movie,HEVC,hdtv,2
0732.csv,50,[75 50 62 54 75 16 72 1 50 54 53 66 86 70 50 68 50 55 76 93 45 45 75 41 80 22 88 62 95 34 72 82],FastMPC,movie,HEVC,hdtv,3
0733.csv,38,[85 89 60 43 43 73 61 14 38 41 18 69 80 65 65 58 97 75 74 85 61 60 85 68 85 11 88 56 94 66 66 89],FastMPC,movie,HEVC,hdtv,4
0734.csv,76,[99 67 81 88 94 93 62 95 76 95 80 74 79 85 100 78 100 70 100 77 74 75 100 51 100 15 100 81 92 65 96 96],FastMPC,movie,HEVC,hdtv,5
0735.csv,58,[95 89 82 77 50 74 87 30 58 76 75 72 83 85 70 66 85 60 92 73 80 70 93 76 90 90 90 90 98 71 88 90],FastMPC,movie,HEVC,hdtv,6
0736.csv,73,[80 27 72 59 50 76 63 28 73 77 63 78 70 80 71 41 77 80 77 63 55 60 67 69 68 72 56 40 92 63 69 60],FastMPC,movie,HEVC,hdtv,7
0737.csv,55,[90 74 83 50 90 73 81 22 55 75 69 77 60 60 56 62 96 80 89 74 86 70 70 73 93 46 84 77 98 75 81 83],FastMPC,movie,HEVC,hdtv,8
0738.csv,50,[85 32 66 61 96 72 50 12 50 40 81 40 65 75 63 66 61 70 50 65 38 60 84 43 80 9 87 71 90 60 71 97],FastMPC,movie,HEVC,hdtv,9
0757.csv,96,[100 70 88 74 83 95 94 100 96 65 93 77 99 65 100 92 100 80 92 75 68 85 100 80 100 100 100 85 100 87 64 95],FastMPC,nature,HEVC,hdtv,1
0758.csv,47,[80 78 63 56 92 79 70 1 47 39 61 86 85 80 38 90 87 90 94 80 67 90 85 60 80 50 84 85 92 43 71 92],FastMPC,nature,HEVC,hdtv,2
0759.csv,30,[70 72 30 65 88 74 50 25 30 59 72 77 42 50 30 74 89 70 92 89 81 60 64 68 78 10 87 37 88 50 85 91],FastMPC,nature,HEVC,hdtv,3
0760.csv,83,[90 74 72 60 88 84 75 32 83 86 41 82 100 75 62 83 98 75 93 88 80 70 64 66 85 28 81 67 95 73 85 92],FastMPC,nature,HEVC,hdtv,4
0761.csv,91,[100 100 82 97 92 82 93 100 91 91 91 65 90 70 80 75 100 100 100 100 79 90 95 98 100 93 100 87 100 94 83 96],FastMPC,nature,HEVC,hdtv,5
0762.csv,100,[100 100 100 93 73 85 100 90 100 86 60 59 100 80 90 66 100 100 99 82 58 90 100 50 100 89 100 95 99 88 85 92],FastMPC,nature,HEVC,hdtv,6
0763.csv,69,[95 85 69 80 78 80 58 85 69 64 59 82 80 75 73 43 78 75 79 46 57 65 85 71 68 88 80 56 87 65 59 70],FastMPC,nature,HEVC,hdtv,7
0764.csv,77,[100 89 75 96 72 80 88 100 77 70 71 74 100 70 85 66 99 80 91 91 84 65 100 75 99 25 84 81 99 73 72 95],FastMPC,nature,HEVC,hdtv,8
0765.csv,34,[90 72 50 63 96 75 54 1 34 10 65 70 50 65 44 83 73 60 94 81 60 75 72 56 85 6 89 27 94 63 83 75],FastMPC,nature,HEVC,hdtv,9
0784.csv,54,[80 25 72 45 91 87 67 15 54 67 67 32 45 60 64 61 69 80 90 73 60 60 67 65 50 7 70 27 97 61 64 91],FastMPC,sports,HEVC,hdtv,1
0785.csv,61,[85 71 81 81 96 87 65 1 61 79 77 75 76 70 60 60 68 85 91 85 70 75 50 100 85 9 81 68 90 59 71 94],FastMPC,sports,HEVC,hdtv,2
0786.csv,21,[55 36 80 39 50 51 60 8 21 64 13 61 75 50 30 63 41 85 64 89 36 25 80 23 65 13 80 29 88 83 50 91],FastMPC,sports,HEVC,hdtv,3
0787.csv,50,[85 72 71 50 97 82 57 28 50 84 74 80 60 75 45 77 89 85 87 92 73 50 83 64 85 6 85 70 93 67 75 87],FastMPC,sports,HEVC,hdtv,4
0788.csv,97,[100 85 91 100 98 97 73 86 97 96 100 97 74 65 100 60 98 100 100 100 64 80 96 88 100 86 97 61 99 63 48 99],FastMPC,sports,HEVC,hdtv,5
0789.csv,40,[93 55 75 80 92 78 60 22 40 41 80 89 43 75 56 71 92 50 91 74 67 80 81 79 90 21 84 39 92 66 76 87],FastMPC,sports,HEVC,hdtv,6
0790.csv,41,[27 22 9 41 16 19 11 14 41 34 14 5 1 60 32 40 1 35 35 17 28 10 9 25 31 19 23 8 75 32 30 79],FastMPC,sports,HEVC,hdtv,7
0791.csv,74,[20 11 27 62 54 20 50 66 74 61 19 19 40 65 40 41 2 35 21 23 56 35 11 78 37 41 57 68 67 39 45 57],FastMPC,sports,HEVC,hdtv,8
0792.csv,17,[35 66 50 62 62 38 27 14 17 50 17 50 50 65 30 39 50 40 37 40 44 15 34 33 44 12 70 24 74 50 58 68],FastMPC,sports,HEVC,hdtv,9
0811.csv,50,[82 33 79 25 40 71 73 2 50 58 38 41 41 75 20 32 19 50 50 68 72 40 50 24 30 10 32 34 85 50 23 68],Pensieve,document,H264,hdtv,1
0812.csv,88,[94 73 77 41 85 89 66 1 88 62 76 51 90 60 65 74 86 75 88 66 58 25 81 88 57 31 75 71 86 33 57 90],Pensieve,document,H264,hdtv,2
0813.csv,85,[85 96 76 71 85 76 72 9 85 80 71 31 41 60 87 76 87 85 92 100 61 45 100 69 70 33 93 59 90 68 64 91],Pensieve,document,H264,hdtv,3
0814.csv,69,[80 71 79 43 40 74 38 1 69 78 28 35 65 61 70 30 40 60 70 98 24 40 60 86 30 30 77 78 77 63 52 83],Pensieve,document,H264,hdtv,4
0815.csv,41,[94 50 88 56 6 75 62 1 41 40 80 50 50 75 40 64 73 85 75 100 61 35 67 74 35 66 81 73 80 77 45 67],Pensieve,document,H264,hdtv,5
0816.csv,55,[50 61 50 28 21 80 30 1 55 15 55 37 44 75 40 30 71 80 89 84 57 30 54 78 29 19 67 60 82 16 51 72],Pensieve,document,H264,hdtv,6
0817.csv,38,[10 15 13 70 8 9 14 2 38 76 5 1 20 60 10 5 5 15 8 44 14 5 22 29 10 34 13 3 65 49 20 27],Pensieve,document,H264,hdtv,7
0818.csv,12,[20 27 34 62 1 68 7 1 12 31 19 36 1 65 28 1 2 20 16 41 40 5 15 50 15 1 27 19 83 64 29 22],Pensieve,document,H264,hdtv,8
0819.csv,30,[20 14 1 15 1 31 27 1 30 50 1 1 30 50 15 4 13 5 21 1 41 5 1 28 1 31 11 13 50 10 37 20],Pensieve,document,H264,hdtv,9
0838.csv,86,[80 42 50 34 10 65 19 1 86 62 25 36 42 50 45 50 38 25 84 27 36 25 50 67 22 35 55 40 71 77 34 62],Pensieve,game,H264,hdtv,1
0839.csv,64,[95 50 90 63 54 82 50 1 64 78 67 69 100 70 67 32 69 65 93 91 40 20 67 87 67 19 83 65 92 73 47 95],Pensieve,game,H264,hdtv,2
0840.csv,68,[90 58 66 83 81 86 62 7 68 83 67 69 75 65 67 80 97 80 76 36 79 70 84 82 68 24 80 61 92 82 43 92],Pensieve,game,H264,hdtv,3
0841.csv,50,[85 50 33 80 19 56 16 1 50 42 67 15 68 50 60 70 27 60 39 39 54 56 23 77 45 37 65 62 85 50 66 90],Pensieve,game,H264,hdtv,4
0842.csv,74,[75 68 36 32 50 77 60 10 74 77 37 41 50 65 75 66 57 70 83 63 65 60 56 41 33 31 67 69 85 67 42 94],Pensieve,game,H264,hdtv,5
0843.csv,50,[80 76 21 51 15 87 35 1 50 32 34 15 25 30 44 19 7 15 70 37 59 35 36 50 40 25 42 17 77 32 36 50],Pensieve,game,H264,hdtv,6
0844.csv,50,[15 32 9 29 4 10 1 1 50 27 23 77 35 75 50 20 1 60 32 12 38 30 1 14 20 25 14 33 17 26 32 50],Pensieve,game,H264,hdtv,7
0845.csv,60,[75 70 25 20 12 29 7 8 60 6 31 18 50 50 50 32 6 40 87 38 25 25 39 50 5 32 22 40 20 38 12 38],Pensieve,game,H264,hdtv,8
0846.csv,68,[35 32 4 22 1 5 5 1 68 37 37 20 41 40 45 4 2 30 19 47 9 20 5 28 10 29 10 37 68 39 44 24],Pensieve,game,H264,hdtv,9
0865.csv,50,[85 38 50 40 75 58 20 11 50 27 70 18 40 50 65 72 50 80 57 43 63 45 42 50 35 22 56 60 90 38 39 85],Pensieve,movie,H264,hdtv,1
0866.csv,61,[80 60 87 82 59 82 40 14 61 41 40 39 63 50 50 63 72 80 94 74 57 45 67 50 59 64 77 40 75 39 35 61],Pensieve,movie,H264,hdtv,2
0867.csv,75,[85 66 73 79 50 83 50 42 75 75 89 41 75 50 65 77 96 85 79 81 58 75 67 71 80 38 85 77 87 71 47 90],Pensieve,movie,H264,hdtv,3
0868.csv,82,[73 60 73 50 9 73 59 25 82 59 58 67 81 75 60 37 66 60 50 77 87 45 62 31 37 35 66 70 91 50 60 71],Pensieve,movie,H264,hdtv,4
0869.csv,76,[95 72 50 50 56 80 58 13 76 78 38 77 40 75 68 39 50 60 84 56 57 45 70 65 60 35 80 60 85 61 29 72],Pensieve,movie,H264,hdtv,5
0870.csv,50,[90 41 50 22 87 68 71 62 50 27 28 22 40 50 60 30 93 50 91 69 58 55 62 80 57 50 76 37 87 50 65 73],Pensieve,movie,H264,hdtv,6
0871.csv,32,[20 37 28 43 1 81 16 1 32 67 10 15 35 60 40 19 3 10 40 82 42 15 20 14 20 8 50 17 68 23 37 50],Pensieve,movie,H264,hdtv,7
0872.csv,70,[70 75 77 50 10 83 50 16 70 54 32 22 65 65 58 19 8 20 56 71 59 10 15 33 40 49 64 14 73 19 32 42],Pensieve,movie,H264,hdtv,8
0873.csv,50,[30 25 50 50 1 61 11 1 50 3 10 1 40 40 55 26 15 35 41 11 38 15 14 26 35 35 25 10 60 50 34 35],Pensieve,movie,H264,hdtv,9
0892.csv,78,[85 74 82 81 50 82 61 59 78 42 69 64 72 60 55 37 66 50 50 100 79 45 78 69 55 18 74 60 85 27 76 81],Pensieve,nature,H264,hdtv,1
0893.csv,69,[90 70 50 68 71 83 66 61 69 42 94 82 65 75 100 88 77 70 50 82 55 65 63 80 58 15 79 84 90 62 61 86],Pensieve,nature,H264,hdtv,2
0894.csv,56,[90 85 82 68 89 89 76 66 56 70 91 98 42 65 72 60 89 80 91 91 73 70 72 79 86 29 98 70 93 50 80 97],Pensieve,nature,H264,hdtv,3
0895.csv,69,[90 74 78 86 47 76 50 61 69 63 68 79 64 70 70 67 68 45 65 43 62 55 62 23 45 24 76 58 89 70 75 84],Pensieve,nature,H264,hdtv,4
0896.csv,89,[94 40 87 100 87 87 58 45 89 73 60 69 43 50 65 70 92 60 79 76 50 45 69 77 65 18 77 75 88 68 58 80],Pensieve,nature,H264,hdtv,5
0897.csv,72,[89 90 78 86 75 73 50 77 72 71 35 62 50 60 60 84 90 50 80 85 74 40 80 81 59 77 80 78 88 50 67 82],Pensieve,nature,H264,hdtv,6
0898.csv,69,[35 65 31 44 13 69 43 36 69 37 66 69 100 65 63 30 17 25 50 65 33 50 50 50 57 29 55 57 75 69 67 65],Pensieve,nature,H264,hdtv,7
0899.csv,82,[72 67 69 82 24 76 50 84 82 41 32 69 72 70 57 52 86 50 43 64 39 45 63 33 50 38 64 76 85 60 47 68],Pensieve,nature,H264,hdtv,8
0900.csv,50,[60 34 30 69 20 73 62 12 50 65 68 11 40 75 50 24 13 40 7 60 60 15 18 77 20 29 41 18 80 36 46 50],Pensieve,nature,H264,hdtv,9
0919.csv,50,[50 43 34 38 34 65 29 11 50 32 30 7 70 45 75 75 50 25 50 52 39 15 27 76 26 14 64 67 60 34 33 85],Pensieve,sports,H264,hdtv,1
0920.csv,36,[80 65 50 65 39 81 38 1 36 56 10 50 50 65 42 50 80 50 93 24 64 65 89 84 68 24 88 62 83 74 44 84],Pensieve,sports,H264,hdtv,2
0921.csv,75,[90 33 91 50 61 93 31 39 75 62 99 62 99 100 80 67 86 50 78 88 68 35 61 79 68 69 95 70 90 33 47 82],Pensieve,sports,H264,hdtv,3
0922.csv,33,[30 10 50 59 50 59 26 1 33 42 30 19 35 40 40 30 32 35 50 89 34 20 40 100 50 1 57 70 75 41 31 80],Pensieve,sports,H264,hdtv,4
0923.csv,50,[80 74 50 32 1 80 18 8 50 50 34 36 64 45 60 40 31 70 74 46 70 45 42 30 45 2 63 69 55 29 37 72],Pensieve,sports,H264,hdtv,5
0924.csv,50,[81 36 68 30 50 76 31 1 50 40 64 37 60 65 40 70 34 30 43 87 13 15 50 40 35 11 40 65 78 22 33 68],Pensieve,sports,H264,hdtv,6
0925.csv,12,[20 22 4 46 1 4 3 1 12 40 7 51 40 35 20 27 4 15 1 1 29 10 1 76 8 22 30 30 25 50 8 35],Pensieve,sports,H264,hdtv,7
0926.csv,32,[17 32 9 43 23 7 1 15 32 42 12 16 35 40 30 18 20 20 74 22 43 15 1 29 15 8 26 63 60 44 63 58],Pensieve,sports,H264,hdtv,8
0927.csv,8,[5 1 1 21 1 2 5 1 8 38 1 15 1 50 21 43 1 5 12 18 19 5 1 12 20 1 9 4 50 39 34 71],Pensieve,sports,H264,hdtv,9
0946.csv,50,[85 69 34 30 24 54 50 1 50 42 38 21 80 50 55 36 37 80 45 50 78 20 59 83 45 62 38 50 84 83 61 91],Pensieve,document,HEVC,hdtv,1
0947.csv,59,[100 100 98 91 91 88 76 100 59 83 95 31 70 80 90 49 95 90 77 78 82 80 93 91 100 33 87 77 100 75 41 95],Pensieve,document,HEVC,hdtv,2
0948.csv,66,[100 100 77 84 100 84 91 72 66 72 36 68 71 80 74 83 97 60 89 100 66 75 100 77 100 34 91 77 100 82 77 98],Pensieve,document,HEVC,hdtv,3
0949.csv,50,[90 70 85 85 97 64 82 1 50 34 57 50 44 60 100 43 97 80 91 69 80 55 54 80 50 36 85 72 92 60 58 88],Pensieve,document,HEVC,hdtv,4
0950.csv,75,[80 63 50 79 89 84 86 50 75 63 77 80 72 65 60 74 92 80 77 60 86 70 62 75 70 80 80 76 83 67 65 89],Pensieve,document,HEVC,hdtv,5
0951.csv,75,[95 75 74 90 83 80 93 13 75 59 77 59 75 70 77 63 80 80 84 100 37 60 50 50 65 32 77 74 83 59 41 70],Pensieve,document,HEVC,hdtv,6
0952.csv,15,[30 28 39 62 50 8 20 1 15 26 35 1 70 50 38 1 1 20 44 37 42 25 15 80 30 19 40 5 75 29 32 33],Pensieve,document,HEVC,hdtv,7
0953.csv,37,[75 84 78 50 28 46 50 8 37 58 27 33 76 70 55 24 40 39 49 60 37 30 68 22 59 31 29 25 80 80 56 59],Pensieve,document,HEVC,hdtv,8
0954.csv,32,[8 50 33 50 9 40 50 1 32 39 22 4 39 45 35 36 3 30 31 12 31 20 29 36 36 27 40 40 75 5 33 23],Pensieve,document,HEVC,hdtv,9
0973.csv,48,[75 40 82 54 18 74 60 40 48 86 32 69 50 60 62 40 80 60 77 62 52 65 95 50 62 61 50 37 82 66 28 68],Pensieve,game,HEVC,hdtv,1
0974.csv,73,[100 65 80 100 94 77 79 100 73 68 83 75 60 75 100 71 100 75 88 83 81 85 89 70 100 28 80 69 99 66 61 98],Pensieve,game,HEVC,hdtv,2
0975.csv,64,[100 80 73 50 79 83 71 97 64 91 100 71 100 50 90 69 100 100 95 81 74 70 100 97 100 72 100 82 100 58 58 98],Pensieve,game,HEVC,hdtv,3
0976.csv,72,[90 65 50 59 90 82 71 60 72 76 63 71 60 70 79 61 50 85 92 100 95 75 56 71 83 45 75 41 90 67 81 73],Pensieve,game,HEVC,hdtv,4
0977.csv,50,[90 90 50 75 61 83 79 35 50 68 35 59 75 70 90 57 89 75 90 92 76 70 62 83 75 20 57 60 92 31 62 50],Pensieve,game,HEVC,hdtv,5
0978.csv,88,[92 72 85 92 59 82 76 16 88 88 58 85 35 75 78 56 77 80 100 75 70 65 61 67 70 18 76 42 93 65 50 72],Pensieve,game,HEVC,hdtv,6
0979.csv,50,[20 37 68 47 31 41 61 1 50 20 12 1 40 50 50 67 5 35 41 28 42 30 40 1 30 41 63 25 75 20 21 13],Pensieve,game,HEVC,hdtv,7
0980.csv,81,[70 50 60 54 33 62 50 1 81 37 33 30 40 60 62 59 29 65 54 32 56 55 36 28 58 35 68 32 83 34 58 41],Pensieve,game,HEVC,hdtv,8
0981.csv,50,[50 34 27 36 28 45 11 8 50 77 64 3 30 55 55 58 36 50 31 39 42 25 41 29 45 21 60 32 76 50 46 58],Pensieve,game,HEVC,hdtv,9
1000.csv,83,[75 62 86 70 71 76 50 38 83 61 31 80 50 70 50 62 50 70 90 71 70 55 57 39 60 39 77 58 86 50 45 88],Pensieve,movie,HEVC,hdtv,1
1001.csv,50,[85 31 70 61 40 75 50 35 50 64 68 74 100 65 81 76 89 70 42 70 38 45 62 19 68 14 73 72 85 29 47 83],Pensieve,movie,HEVC,hdtv,2
1002.csv,50,[90 75 85 73 73 86 50 13 50 69 79 69 50 65 60 56 71 85 99 68 56 45 83 39 69 34 90 50 90 30 65 72],Pensieve,movie,HEVC,hdtv,3
1003.csv,81,[85 63 74 50 50 71 50 35 81 67 75 50 50 90 65 25 72 75 56 63 59 40 62 24 45 56 85 68 90 73 41 69],Pensieve,movie,HEVC,hdtv,4
1004.csv,82,[85 82 69 70 40 74 35 13 82 84 81 16 45 40 77 75 38 80 63 92 61 40 43 63 48 7 72 76 85 80 48 66],Pensieve,movie,HEVC,hdtv,5
1005.csv,75,[95 73 50 67 50 83 43 40 75 72 64 50 80 60 60 69 50 75 81 61 86 40 79 22 60 24 74 67 84 50 68 80],Pensieve,movie,HEVC,hdtv,6
1006.csv,62,[75 25 73 1 32 57 50 12 62 59 7 39 41 50 50 44 25 35 48 32 61 40 42 40 45 18 67 57 67 75 65 47],Pensieve,movie,HEVC,hdtv,7
1007.csv,58,[75 35 20 50 29 76 40 25 58 37 50 50 80 70 50 26 65 20 76 89 41 20 51 58 35 37 73 31 85 27 38 30],Pensieve,movie,HEVC,hdtv,8
1008.csv,50,[50 32 62 50 10 80 50 31 50 40 40 35 35 75 64 68 29 40 72 75 42 35 27 50 54 33 72 29 75 69 38 50],Pensieve,movie,HEVC,hdtv,9
1027.csv,89,[80 81 69 67 80 95 61 51 89 70 74 50 60 70 55 36 72 25 50 80 35 25 64 74 60 13 63 79 85 79 59 58],Pensieve,nature,HEVC,hdtv,1
1028.csv,78,[95 65 76 76 83 86 61 85 78 77 38 78 100 70 63 50 75 100 94 76 62 40 73 75 56 59 80 81 91 68 68 73],Pensieve,nature,HEVC,hdtv,2
1029.csv,77,[100 93 75 58 50 85 79 31 77 67 85 76 100 75 65 84 72 80 90 87 64 80 90 61 80 100 75 36 91 81 48 96],Pensieve,nature,HEVC,hdtv,3
1030.csv,100,[90 66 75 76 50 85 73 65 100 84 30 74 89 75 65 62 72 80 50 45 79 40 62 49 71 38 75 64 85 67 58 94],Pensieve,nature,HEVC,hdtv,4
1031.csv,74,[95 88 50 54 98 85 79 32 74 50 82 35 60 75 70 58 50 60 86 54 61 60 59 81 67 24 82 29 95 50 72 76],Pensieve,nature,HEVC,hdtv,5
1032.csv,66,[40 83 70 69 60 86 85 100 66 35 40 76 65 60 67 73 66 85 97 79 59 55 87 61 58 78 76 41 91 66 56 62],Pensieve,nature,HEVC,hdtv,6
1033.csv,63,[70 36 50 63 50 82 14 61 63 75 22 20 75 70 60 30 70 70 37 54 60 40 23 72 41 10 75 18 75 78 55 34],Pensieve,nature,HEVC,hdtv,7
1034.csv,62,[40 69 31 77 65 80 60 41 62 33 49 50 70 75 60 32 89 70 41 72 58 50 41 28 50 25 36 71 80 71 66 70],Pensieve,nature,HEVC,hdtv,8
1035.csv,57,[70 35 67 58 50 77 50 47 57 62 20 65 65 50 50 37 74 30 45 49 61 50 50 25 50 40 41 37 72 45 46 40],Pensieve,nature,HEVC,hdtv,9
1054.csv,66,[85 67 74 74 70 72 85 77 66 61 44 60 74 75 70 82 62 70 90 66 50 40 58 70 70 21 85 58 85 42 55 80],Pensieve,sports,HEVC,hdtv,1
1055.csv,100,[100 100 61 100 89 91 95 100 100 64 62 86 85 80 88 100 83 100 95 83 100 80 100 100 100 84 97 73 96 50 61 94],Pensieve,sports,HEVC,hdtv,2
1056.csv,92,[100 67 50 95 85 92 68 100 92 85 86 75 70 90 82 86 90 100 97 93 59 80 90 81 100 80 91 84 99 83 75 100],Pensieve,sports,HEVC,hdtv,3
1057.csv,81,[100 99 78 62 86 87 50 84 81 84 51 39 39 50 70 71 89 80 85 64 68 65 98 71 78 28 92 42 91 29 68 81],Pensieve,sports,HEVC,hdtv,4
1058.csv,98,[100 97 100 50 100 95 97 99 98 99 95 86 70 90 95 92 88 100 89 50 70 80 93 84 100 85 92 83 100 85 81 91],Pensieve,sports,HEVC,hdtv,5
1059.csv,100,[100 99 75 89 97 94 65 100 100 77 100 97 64 50 100 70 100 100 92 100 73 80 89 76 100 26 87 89 97 68 50 99],Pensieve,sports,HEVC,hdtv,6
1060.csv,42,[50 33 50 65 40 50 50 4 42 26 7 10 40 50 50 63 20 20 71 38 38 60 50 51 45 16 40 12 75 50 26 65],Pensieve,sports,HEVC,hdtv,7
1061.csv,50,[20 15 31 37 42 76 4 17 50 37 81 10 59 40 45 24 43 50 44 43 13 30 50 23 38 7 45 16 64 50 61 58],Pensieve,sports,HEVC,hdtv,8
1062.csv,43,[50 39 64 30 20 66 17 2 43 35 6 50 31 65 60 39 29 50 50 47 28 45 50 56 50 20 38 22 83 50 66 81],Pensieve,sports,HEVC,hdtv,9
1081.csv,76,[90 85 73 90 85 87 65 89 76 74 81 87 70 70 85 50 97 70 91 90 93 85 97 86 100 73 85 82 96 80 66 98],Rdos,document,H264,hdtv,1
1082.csv,63,[95 100 100 84 93 97 90 86 63 94 87 60 100 100 88 72 94 70 68 99 66 80 94 89 100 81 80 87 92 75 64 95],Rdos,document,H264,hdtv,2
1083.csv,91,[100 71 92 88 88 82 82 84 91 71 93 83 44 75 85 70 98 100 94 93 91 70 100 82 100 38 91 32 99 73 63 88],Rdos,document,H264,hdtv,3
1084.csv,86,[100 100 94 97 89 79 87 100 86 70 80 40 70 50 85 83 96 100 92 82 59 87 90 100 100 22 80 91 93 75 63 86],Rdos,document,H264,hdtv,4
1085.csv,80,[100 85 86 87 83 86 88 76 80 74 71 77 98 60 85 80 93 95 93 87 82 85 100 78 100 50 86 81 99 86 44 83],Rdos,document,H264,hdtv,5
1086.csv,93,[100 83 96 90 65 89 61 100 93 71 69 84 100 60 70 80 100 70 76 81 100 80 100 78 100 39 87 70 100 61 76 95],Rdos,document,H264,hdtv,6
1087.csv,90,[90 75 50 69 86 76 83 50 90 67 41 32 50 50 60 61 35 70 92 79 71 40 81 78 47 40 60 68 86 71 50 79],Rdos,document,H264,hdtv,7
1088.csv,88,[80 76 70 91 68 85 59 100 88 73 50 50 65 75 79 70 82 60 86 100 66 30 60 72 75 20 77 73 87 78 48 91],Rdos,document,H264,hdtv,8
1089.csv,90,[90 66 70 63 66 85 66 29 90 42 61 36 63 65 65 40 63 40 75 36 50 45 63 67 56 56 45 62 85 60 56 85],Rdos,document,H264,hdtv,9
1108.csv,69,[90 88 69 65 39 70 84 71 69 60 63 85 75 70 77 73 62 50 84 43 80 45 85 80 70 31 67 79 88 77 48 96],Rdos,game,H264,hdtv,1
1109.csv,91,[100 94 76 96 88 89 84 100 91 93 91 74 65 75 65 82 100 100 89 72 100 85 86 96 100 34 84 40 100 59 79 96],Rdos,game,H264,hdtv,2
1110.csv,79,[95 81 82 67 50 88 65 69 79 78 29 82 61 50 70 81 90 70 69 75 99 70 90 87 80 32 73 73 99 81 67 86],Rdos,game,H264,hdtv,3
1111.csv,87,[90 67 75 90 67 91 63 75 87 69 70 83 91 70 78 61 69 50 77 65 98 65 98 56 89 95 73 62 90 88 38 77],Rdos,game,H264,hdtv,4
1112.csv,86,[94 71 81 66 93 86 88 89 86 89 97 85 39 50 89 63 98 80 95 87 84 85 93 85 100 41 84 36 99 68 57 90],Rdos,game,H264,hdtv,5
1113.csv,76,[95 59 50 47 50 89 81 100 76 74 46 47 85 50 85 68 63 85 71 70 67 65 76 60 75 21 86 29 94 71 48 78],Rdos,game,H264,hdtv,6
1114.csv,74,[72 91 50 43 83 75 50 87 74 41 26 68 50 65 60 57 79 35 80 42 87 60 58 72 54 35 61 28 81 33 38 75],Rdos,game,H264,hdtv,7
1115.csv,35,[75 37 79 70 87 67 73 25 35 60 41 62 44 75 60 65 98 60 84 72 77 45 74 76 74 38 88 42 75 69 41 86],Rdos,game,H264,hdtv,8
1116.csv,97,[61 50 64 50 36 83 38 40 97 81 4 36 64 40 60 61 10 75 89 46 79 15 40 50 46 23 54 13 88 72 42 50],Rdos,game,H264,hdtv,9
1135.csv,92,[95 60 71 57 61 71 63 100 92 100 67 65 80 75 78 62 86 60 100 100 42 65 70 70 90 50 84 29 96 60 65 83],Rdos,movie,H264,hdtv,1
1136.csv,100,[100 68 100 97 67 90 77 100 100 100 67 91 100 70 80 69 95 90 94 97 70 75 95 76 100 35 75 65 98 50 71 99],Rdos,movie,H264,hdtv,2
1137.csv,100,[100 70 86 85 50 91 76 100 100 81 85 85 50 70 100 71 100 90 72 89 100 70 94 81 88 47 91 81 100 72 71 99],Rdos,movie,H264,hdtv,3
1138.csv,74,[90 81 76 63 62 74 60 77 74 89 82 80 60 70 98 41 84 70 94 73 100 65 92 67 78 72 75 84 87 73 64 94],Rdos,movie,H264,hdtv,4
1139.csv,87,[100 61 74 50 50 94 95 98 87 84 87 97 50 70 100 60 96 100 100 91 100 70 100 77 100 71 90 65 95 86 80 100],Rdos,movie,H264,hdtv,5
1140.csv,97,[90 70 81 66 50 91 50 93 97 62 78 84 71 70 75 64 76 80 81 70 70 70 80 50 78 86 81 58 90 68 79 80],Rdos,movie,H264,hdtv,6
1141.csv,100,[80 38 79 74 50 91 63 67 100 50 81 63 50 55 60 67 77 60 67 81 84 60 61 70 76 60 86 73 87 93 50 92],Rdos,movie,H264,hdtv,7
1142.csv,96,[95 84 84 72 42 85 61 100 96 80 84 20 72 80 85 67 81 80 93 55 71 65 77 50 75 28 86 85 86 68 84 91],Rdos,movie,H264,hdtv,8
1143.csv,66,[90 82 79 86 79 73 74 84 66 73 52 63 41 50 59 52 87 60 90 47 66 45 64 74 73 32 91 37 77 68 58 74],Rdos,movie,H264,hdtv,9
1162.csv,87,[95 89 76 69 87 88 78 100 87 71 86 75 67 75 75 83 94 80 67 79 61 75 90 77 94 94 85 73 90 74 60 89],Rdos,nature,H264,hdtv,1
1163.csv,100,[100 91 100 100 71 99 100 99 100 93 100 89 100 100 95 83 99 100 92 100 100 92 100 89 100 95 100 93 100 73 78 92],Rdos,nature,H264,hdtv,2
1164.csv,79,[100 100 73 87 98 84 82 100 79 86 70 77 42 75 82 82 99 80 92 100 62 80 86 82 100 88 100 74 97 72 86 91],Rdos,nature,H264,hdtv,3
1165.csv,81,[90 87 62 69 95 89 90 100 81 40 91 84 85 100 90 68 100 75 93 86 56 80 89 76 90 31 85 79 96 80 64 79],Rdos,nature,H264,hdtv,4
1166.csv,100,[100 81 97 96 100 93 94 100 100 83 78 97 60 100 93 83 97 100 100 100 100 90 94 100 100 51 100 88 100 87 42 94],Rdos,nature,H264,hdtv,5
1167.csv,93,[100 94 74 83 98 94 85 98 93 74 62 99 80 75 100 91 100 70 100 71 75 90 66 67 100 36 95 66 100 82 61 90],Rdos,nature,H264,hdtv,6
1168.csv,82,[75 88 71 66 95 73 87 98 82 77 65 97 40 65 65 59 86 70 89 74 62 75 86 75 76 37 84 40 87 75 39 81],Rdos,nature,H264,hdtv,7
1169.csv,78,[95 93 69 73 97 83 87 100 78 81 73 77 63 75 75 88 91 80 80 83 93 75 71 80 85 27 82 79 98 89 59 95],Rdos,nature,H264,hdtv,8
1170.csv,88,[80 30 63 92 75 90 62 99 88 77 85 64 64 60 62 69 77 70 85 90 54 70 72 70 65 19 84 68 84 86 60 67],Rdos,nature,H264,hdtv,9
1189.csv,96,[90 73 93 83 76 95 59 83 96 82 81 58 50 70 57 62 85 75 95 72 64 75 84 77 87 31 80 64 84 83 76 91],Rdos,sports,H264,hdtv,1
1190.csv,89,[100 89 75 68 98 100 66 93 89 69 91 61 100 100 85 70 89 80 96 41 89 75 100 71 97 76 88 65 92 66 65 96],Rdos,sports,H264,hdtv,2
1191.csv,100,[95 68 78 63 67 93 61 93 100 79 86 63 75 65 80 79 89 75 93 68 65 50 90 82 91 92 85 54 96 50 66 98],Rdos,sports,H264,hdtv,3
1192.csv,100,[97 64 100 75 97 97 58 98 100 68 87 82 75 80 70 74 92 70 90 94 89 65 73 74 88 43 90 74 92 100 61 93],Rdos,sports,H264,hdtv,4
1193.csv,79,[95 71 77 100 94 99 92 100 79 92 94 81 63 50 100 93 97 85 82 80 99 85 100 82 100 43 87 67 97 72 76 97],Rdos,sports,H264,hdtv,5
1194.csv,65,[95 73 73 100 67 87 74 99 65 84 93 73 100 65 88 90 71 80 75 100 71 50 90 78 90 67 85 81 98 73 59 95],Rdos,sports,H264,hdtv,6
1195.csv,64,[30 63 50 58 50 88 50 72 64 70 58 15 68 50 65 27 18 40 38 59 86 30 50 63 65 40 72 76 82 70 67 82],Rdos,sports,H264,hdtv,7
1196.csv,69,[70 30 68 89 62 87 50 100 69 86 63 28 63 60 80 61 63 70 61 85 89 45 75 86 74 61 69 62 85 67 64 66],Rdos,sports,H264,hdtv,8
1197.csv,50,[73 80 70 61 72 63 50 82 50 69 63 16 60 65 74 60 65 45 50 75 74 45 40 70 50 23 58 33 80 50 47 70],Rdos,sports,H264,hdtv,9
1216.csv,48,[40 39 70 64 27 78 21 1 48 77 26 50 42 80 62 37 15 70 65 40 29 15 60 81 29 48 56 75 77 73 42 34],Rdos,document,HEVC,hdtv,1
1217.csv,72,[91 65 85 88 81 82 74 100 72 91 62 89 50 50 100 53 100 100 63 85 89 85 100 77 100 95 94 79 97 72 42 96],Rdos,document,HEVC,hdtv,2
1218.csv,84,[80 76 70 92 66 63 82 91 84 83 61 43 44 50 76 66 95 75 87 61 58 50 70 67 75 38 65 30 92 68 47 71],Rdos,document,HEVC,hdtv,3
1219.csv,75,[86 67 81 46 67 70 79 32 75 66 82 28 50 50 60 53 86 75 84 100 58 45 76 86 70 86 65 56 90 31 63 87],Rdos,document,HEVC,hdtv,4
1220.csv,96,[95 90 87 62 84 88 71 95 96 85 81 81 50 70 80 68 91 100 91 97 62 80 89 78 100 34 84 70 100 68 56 93],Rdos,document,HEVC,hdtv,5
1221.csv,59,[90 69 70 85 82 76 69 1 59 36 40 22 40 82 72 69 70 80 39 85 41 60 67 87 50 29 59 60 94 70 44 66],Rdos,document,HEVC,hdtv,6
1222.csv,10,[20 46 35 47 30 24 13 1 10 40 7 10 10 50 30 39 3 20 8 47 39 15 15 24 1 10 27 33 75 22 58 50],Rdos,document,HEVC,hdtv,7
1223.csv,50,[40 65 35 63 37 72 50 3 50 74 33 3 61 60 50 34 22 40 50 83 47 40 34 50 30 33 50 69 78 64 73 62],Rdos,document,HEVC,hdtv,8
1224.csv,80,[40 73 50 62 65 76 57 1 80 34 38 22 50 50 50 41 34 45 43 65 41 20 50 34 15 40 41 72 70 31 56 68],Rdos,document,HEVC,hdtv,9
1243.csv,90,[71 28 87 50 50 72 50 5 90 57 27 42 45 65 65 69 13 30 47 50 61 15 50 50 50 44 40 28 78 41 38 50],Rdos,game,HEVC,hdtv,1
1244.csv,83,[90 81 29 57 82 83 71 100 83 86 72 77 70 50 85 61 97 50 93 86 64 75 90 72 100 47 100 87 99 65 81 96],Rdos,game,HEVC,hdtv,2
1245.csv,73,[74 86 85 63 69 77 65 16 73 90 61 71 74 75 70 65 50 70 75 43 92 70 83 91 67 67 86 65 88 66 49 80],Rdos,game,HEVC,hdtv,3
1246.csv,88,[90 73 50 35 60 78 76 82 88 77 75 26 66 60 75 65 49 70 61 74 67 55 82 75 75 44 86 37 92 67 75 73],Rdos,game,HEVC,hdtv,4
1247.csv,92,[90 89 83 48 72 91 66 66 92 89 65 81 38 65 73 63 90 60 84 72 72 75 92 88 80 49 81 82 90 80 65 86],Rdos,game,HEVC,hdtv,5
1248.csv,79,[90 68 50 69 68 73 66 60 79 86 38 81 66 50 85 71 65 60 82 93 64 35 62 82 76 26 79 81 89 39 62 92],Rdos,game,HEVC,hdtv,6
1249.csv,51,[40 61 26 39 10 69 50 1 51 39 33 45 50 70 50 6 8 5 65 16 32 5 5 54 45 34 38 41 72 50 28 38],Rdos,game,HEVC,hdtv,7
1250.csv,36,[70 28 73 10 50 72 40 19 36 35 58 37 41 50 50 31 72 50 70 66 72 40 38 50 35 32 71 43 75 28 58 74],Rdos,game,HEVC,hdtv,8
1251.csv,68,[70 71 21 61 35 40 12 14 68 37 35 37 50 60 54 35 33 70 48 40 47 50 35 66 27 45 30 70 62 30 9 81],Rdos,game,HEVC,hdtv,9
1270.csv,85,[70 95 81 65 68 80 65 95 85 87 86 48 65 80 65 63 100 70 73 83 62 70 77 73 75 65 92 78 92 50 82 81],Rdos,movie,HEVC,hdtv,1
1271.csv,100,[100 75 98 96 81 82 71 100 100 99 90 68 100 100 100 70 75 95 100 100 72 70 94 76 90 23 82 87 100 70 67 93],Rdos,movie,HEVC,hdtv,2
1272.csv,74,[100 64 80 66 84 92 80 96 74 72 75 89 41 50 87 71 86 70 87 100 72 80 98 78 95 84 85 63 93 68 88 91],Rdos,movie,HEVC,hdtv,3
1273.csv,80,[95 100 80 70 85 84 70 52 80 81 95 95 50 65 64 61 99 100 92 94 90 80 100 77 90 25 89 79 91 87 93 74],Rdos,movie,HEVC,hdtv,4
1274.csv,90,[94 81 94 81 73 89 79 100 90 83 77 66 60 65 85 63 93 80 75 86 66 75 81 75 95 29 75 79 96 90 71 84],Rdos,movie,HEVC,hdtv,5
1275.csv,75,[95 63 85 84 61 92 62 100 75 85 84 70 100 80 68 64 87 50 100 86 73 65 95 80 95 37 77 83 95 82 87 63],Rdos,movie,HEVC,hdtv,6
1276.csv,79,[80 92 50 50 50 83 81 68 79 86 82 36 67 75 60 70 85 80 76 82 78 40 71 80 77 16 86 60 88 68 43 77],Rdos,movie,HEVC,hdtv,7
1277.csv,79,[90 69 65 91 70 71 79 100 79 97 69 69 100 60 80 50 79 80 91 80 74 80 84 70 95 99 88 82 91 87 68 80],Rdos,movie,HEVC,hdtv,8
1278.csv,77,[80 65 70 69 78 86 58 90 77 69 71 71 40 70 68 61 89 70 91 69 69 70 87 82 72 34 85 70 88 78 74 64],Rdos,movie,HEVC,hdtv,9
1297.csv,94,[95 96 88 82 92 86 93 100 94 75 78 50 61 75 100 81 100 80 68 56 65 80 89 73 92 28 91 74 96 67 65 82],Rdos,nature,HEVC,hdtv,1
1298.csv,80,[100 67 71 63 92 97 50 89 80 61 88 77 78 90 100 77 100 100 94 90 85 90 100 87 100 69 95 67 100 94 89 95],Rdos,nature,HEVC,hdtv,2
1299.csv,99,[100 84 27 50 82 95 89 100 99 80 92 81 65 70 100 61 100 80 96 78 100 90 100 84 100 96 98 87 100 82 61 98],Rdos,nature,HEVC,hdtv,3
1300.csv,93,[100 76 75 68 98 80 91 100 93 85 68 100 100 60 76 77 86 85 98 64 81 80 90 74 95 82 90 90 87 73 71 93],Rdos,nature,HEVC,hdtv,4
1301.csv,100,[100 100 80 71 97 78 100 100 100 94 91 68 75 70 92 98 98 100 93 100 78 75 100 94 100 99 97 86 100 86 73 94],Rdos,nature,HEVC,hdtv,5
1302.csv,86,[100 94 97 82 99 81 81 100 86 88 80 94 41 75 100 60 99 50 100 99 63 85 100 78 100 42 94 92 99 62 91 94],Rdos,nature,HEVC,hdtv,6
1303.csv,73,[85 81 80 71 83 85 61 91 73 66 75 73 71 90 70 33 90 60 59 95 100 75 82 77 69 75 80 74 92 100 52 79],Rdos,nature,HEVC,hdtv,7
1304.csv,90,[90 78 68 82 89 86 93 100 90 75 60 79 100 75 90 40 98 50 95 91 63 75 86 73 93 62 90 73 91 72 75 93],Rdos,nature,HEVC,hdtv,8
1305.csv,84,[80 72 71 88 85 78 84 100 84 72 60 82 100 85 66 15 79 75 54 73 56 60 80 50 70 67 87 50 80 97 60 75],Rdos,nature,HEVC,hdtv,9
1324.csv,65,[30 79 50 62 61 65 40 88 65 74 63 63 39 65 60 41 25 50 44 40 81 65 40 50 48 40 70 41 83 73 50 71],Rdos,sports,HEVC,hdtv,1
1325.csv,100,[90 66 73 70 51 90 86 100 100 99 81 33 100 70 88 70 64 65 96 84 67 75 85 82 90 70 80 68 95 93 60 96],Rdos,sports,HEVC,hdtv,2
1326.csv,100,[80 65 81 50 75 87 59 73 100 75 89 79 50 50 85 47 93 75 84 100 96 55 81 70 75 75 91 88 90 68 71 89],Rdos,sports,HEVC,hdtv,3
1327.csv,38,[75 63 83 59 89 77 50 97 38 42 77 33 50 50 71 67 88 60 92 86 71 65 71 77 58 68 82 61 80 34 74 81],Rdos,sports,HEVC,hdtv,4
1328.csv,92,[85 69 50 74 68 92 62 100 92 78 70 80 100 100 85 61 50 85 93 76 76 50 80 52 80 31 81 84 83 77 50 91],Rdos,sports,HEVC,hdtv,5
1329.csv,69,[85 68 92 90 50 80 71 88 69 85 71 70 61 70 82 65 66 65 71 74 62 45 73 32 68 37 76 41 93 50 50 85],Rdos,sports,HEVC,hdtv,6
1330.csv,49,[50 60 50 72 32 26 45 6 49 66 27 33 63 70 58 59 2 30 51 62 61 15 37 20 55 25 57 22 83 33 40 42],Rdos,sports,HEVC,hdtv,7
1331.csv,60,[25 36 50 45 50 70 38 77 60 62 36 9 50 45 65 19 20 65 49 60 61 35 40 30 58 26 62 32 55 61 53 50],Rdos,sports,HEVC,hdtv,8
1332.csv,15,[15 38 33 80 35 29 30 9 15 42 18 6 40 50 52 30 2 40 59 34 39 15 8 32 40 22 59 11 75 35 37 36],Rdos,sports,HEVC,hdtv,9
